x,y,z,qx,qy,qz,qw
1.0,1.0,0.0,0.0,0.0,0.3826834323650898,0.9238795325112867
2.0,2.0,0.0,0.0,0.0,0.3826834323650898,0.9238795325112867
3.0,3.0,0.0,0.0,0.0,0.3826834323650898,0.9238795325112867
4.0,4.0,0.0,0.0,0.0,0.3826834323650898,0.9238795325112867
